{"nodes":{"node:10":{"location":{"x":-120,"y":-255}},"node:20":{"location":{"x":38,"y":-255}},"node:30":{"location":{"x":-8,"y":-145}},"node:40":{"location":{"x":-121,"y":-143}}},"selection":null,"view":{"scroll":{"x":-711.0291748046875,"y":-596.36138916015625},"zoom":1.49999988079071045}}